<?xml version="1.0" encoding="UTF-8"?>
<metadata>
  <groupId>com.nimbusds</groupId>
  <artifactId>lang-tag</artifactId>
  <versioning>
    <latest>1.4.4</latest>
    <release>1.4.4</release>
    <versions>
      <version>1.1.1</version>
      <version>1.2</version>
      <version>1.3</version>
      <version>1.4</version>
      <version>1.4.1</version>
      <version>1.4.2</version>
      <version>1.4.3</version>
      <version>1.4.4</version>
    </versions>
    <lastUpdated>20181008182734</lastUpdated>
  </versioning>
</metadata>
