<?xml version="1.0" encoding="UTF-8"?>
<metadata>
  <groupId>com.nimbusds</groupId>
  <artifactId>nimbus-jose-jwt</artifactId>
  <versioning>
    <latest>7.1</latest>
    <release>7.1</release>
    <versions>
      <version>2.9</version>
      <version>2.10</version>
      <version>2.10.1</version>
      <version>2.11.0</version>
      <version>2.12.0</version>
      <version>2.13.0</version>
      <version>2.13.1</version>
      <version>2.14.0</version>
      <version>2.15.0</version>
      <version>2.15.1</version>
      <version>2.15.2</version>
      <version>2.16</version>
      <version>2.17</version>
      <version>2.17.1</version>
      <version>2.17.2</version>
      <version>2.18</version>
      <version>2.18.1</version>
      <version>2.18.2</version>
      <version>2.19</version>
      <version>2.19.1</version>
      <version>2.20</version>
      <version>2.21</version>
      <version>2.22</version>
      <version>2.22.1</version>
      <version>2.23</version>
      <version>2.24</version>
      <version>2.25</version>
      <version>2.26</version>
      <version>2.26.1</version>
      <version>3.0</version>
      <version>3.1</version>
      <version>3.1.1</version>
      <version>3.1.2</version>
      <version>3.2</version>
      <version>3.2.1</version>
      <version>3.2.2</version>
      <version>3.3</version>
      <version>3.4</version>
      <version>3.5</version>
      <version>3.6</version>
      <version>3.7</version>
      <version>3.8</version>
      <version>3.8.1</version>
      <version>3.8.2</version>
      <version>3.9</version>
      <version>3.9.1</version>
      <version>3.9.2</version>
      <version>3.10</version>
      <version>4.0-rc1</version>
      <version>4.0-rc2</version>
      <version>4.0-rc3</version>
      <version>4.0-rc4</version>
      <version>4.0</version>
      <version>4.0.1</version>
      <version>4.1</version>
      <version>4.1.1</version>
      <version>4.2</version>
      <version>4.3</version>
      <version>4.3.1</version>
      <version>4.4</version>
      <version>4.5</version>
      <version>4.6</version>
      <version>4.7</version>
      <version>4.8</version>
      <version>4.9</version>
      <version>4.10</version>
      <version>4.11</version>
      <version>4.11.1</version>
      <version>4.11.2</version>
      <version>4.12</version>
      <version>4.13</version>
      <version>4.13.1</version>
      <version>4.14</version>
      <version>4.15</version>
      <version>4.15.1</version>
      <version>4.16</version>
      <version>4.16.1</version>
      <version>4.16.2</version>
      <version>4.17</version>
      <version>4.18</version>
      <version>4.19</version>
      <version>4.20</version>
      <version>4.21</version>
      <version>4.22</version>
      <version>4.23</version>
      <version>4.24</version>
      <version>4.25</version>
      <version>4.26</version>
      <version>4.26.1</version>
      <version>4.27</version>
      <version>4.27.1</version>
      <version>4.28</version>
      <version>4.29</version>
      <version>4.30</version>
      <version>4.31.1</version>
      <version>4.32</version>
      <version>4.33</version>
      <version>4.34</version>
      <version>4.34.1</version>
      <version>4.34.2</version>
      <version>4.35</version>
      <version>4.36</version>
      <version>4.36.1</version>
      <version>4.37</version>
      <version>4.37.1</version>
      <version>4.38</version>
      <version>4.39</version>
      <version>4.39.1</version>
      <version>4.39.2</version>
      <version>4.40</version>
      <version>4.41</version>
      <version>4.41.1</version>
      <version>4.41.2</version>
      <version>4.41.3</version>
      <version>5.0</version>
      <version>5.1</version>
      <version>5.2</version>
      <version>5.3</version>
      <version>5.4</version>
      <version>5.5</version>
      <version>5.6</version>
      <version>5.7</version>
      <version>5.8</version>
      <version>5.9</version>
      <version>5.10</version>
      <version>5.11</version>
      <version>5.12</version>
      <version>5.13</version>
      <version>5.14</version>
      <version>6.0</version>
      <version>6.0.1</version>
      <version>6.0.2</version>
      <version>6.1</version>
      <version>6.1.1</version>
      <version>6.2</version>
      <version>6.3</version>
      <version>6.3.1</version>
      <version>6.4</version>
      <version>6.4.1</version>
      <version>6.4.2</version>
      <version>6.5</version>
      <version>6.5.1</version>
      <version>6.6</version>
      <version>6.7</version>
      <version>6.8</version>
      <version>7.0</version>
      <version>7.0.1</version>
      <version>7.1</version>
    </versions>
    <lastUpdated>20190415192512</lastUpdated>
  </versioning>
</metadata>
